Id,FirstName,LastName,Email,Gender,Country,Dob
1,Christopher,Chapman,xdavis@burns.net,Other,Montserrat,1974-05-21
2,Aaron,Williams,davidford@gmail.com,Other,Libyan Arab Jamahiriya,1956-03-18
3,Margaret,Hughes,alyssa42@shaw-hernandez.info,Female,Netherlands Antilles,1986-08-24
4,Jessica,Bauer,scottmoss@allen.com,Male,Maldives,1996-10-03
5,David,Gonzalez,nichole23@reed.com,Other,Falkland Islands (Malvinas),1948-06-22
6,Julie,Gibbs,sstewart@miller.com,Female,Hong Kong,1955-10-21
7,Michael,Scott,luisjones@cook.com,Male,Bolivia,2005-03-19
8,Richard,Vazquez,xparker@gmail.com,Other,Russian Federation,1994-10-18
9,Mary,Roberts,smithconnor@vargas.com,Male,Georgia,2006-09-17
10,Valerie,Dalton,uhenry@yahoo.com,Male,Nepal,1976-03-25
11,Timothy,Campbell,nmcdonald@ramos-stark.com,Other,Malaysia,1963-07-28
12,Elizabeth,Ortiz,anthonydavidson@yahoo.com,Male,Slovenia,1962-03-20
13,Kelly,Dixon,cwagner@berger.info,Female,Congo,1942-01-01
14,Megan,Steele,harrisarthur@wolfe.com,Female,Guyana,1964-01-27
15,Sarah,Horton,josephscott@hernandez.com,Male,Latvia,1983-02-24
16,Clinton,Jacobs,tammy07@yahoo.com,Male,Georgia,1982-01-22
17,Meghan,Todd,ynavarro@long-gilbert.com,Male,Slovakia (Slovak Republic),1961-10-18
18,Thomas,Johnson,rodney51@mills.com,Female,Faroe Islands,1981-08-06
19,Cynthia,Shaw,alicia09@yahoo.com,Male,Yemen,1962-06-29
20,Tammy,Little,lauren86@hotmail.com,Female,Bhutan,1989-12-13
21,Erica,Phillips,leestephanie@gmail.com,Male,Antigua and Barbuda,1938-02-20
22,Patricia,Carlson,debra50@edwards-brennan.info,Other,Jamaica,1988-02-04
23,Andrew,Moyer,xjames@moreno.info,Male,Peru,1935-03-06
24,Regina,Stephens,robertmunoz@gmail.com,Other,Swaziland,1944-04-14
25,Robin,Hodge,michaelklein@elliott.com,Female,New Caledonia,1943-10-26
26,Shawn,Stanley,austinhayes@wiggins.com,Male,Australia,1987-11-08
27,George,Gutierrez,joshuawatkins@yahoo.com,Other,Svalbard & Jan Mayen Islands,1939-10-30
28,Victoria,Lewis,bartlettmartin@fisher-duncan.com,Other,Poland,2002-04-12
29,Brian,Brennan,eburgess@gmail.com,Female,New Zealand,1939-01-06
30,Nathan,Evans,knoxsamantha@brown-summers.com,Female,Saudi Arabia,1947-06-03
31,Bryan,Williams,morgan91@carter.biz,Male,Kazakhstan,2006-01-10
32,Daniel,Perry,juliemartinez@yahoo.com,Male,Martinique,1977-03-09
33,Melinda,Rodriguez,jennifer94@campbell.info,Other,Qatar,1989-05-15
34,Emily,Lopez,baileymelissa@hernandez.biz,Male,Angola,1993-12-14
35,Brian,Martinez,jessicapatton@hurley.com,Female,Seychelles,1937-11-24
36,Eric,Graves,racheljohnson@hotmail.com,Male,Cuba,1938-04-26
37,Luis,Ramirez,stephanieshepard@yahoo.com,Male,Bouvet Island (Bouvetoya),1940-12-30
38,Thomas,Lawrence,heather71@gmail.com,Male,Thailand,1988-03-03
39,Darren,Green,uduffy@mason.biz,Male,Romania,1939-07-14
40,Cynthia,Macias,rogersryan@smith.info,Male,Israel,1984-12-04
41,Anthony,Lyons,khodge@wilkins-guzman.com,Male,Swaziland,1964-07-26
42,Peter,Kelly,kingjose@gmail.com,Female,Uruguay,2000-04-20
43,Paula,Larson,pmurray@yahoo.com,Other,Guadeloupe,1950-07-26
44,Steven,Warner,michael68@torres.com,Male,Japan,1995-01-17
45,Shawn,Davis,murillocrystal@sampson-quinn.com,Male,Vietnam,1944-01-14
46,David,Harrell,sburns@johnson.com,Male,Bahrain,1936-08-28
47,Kevin,Hutchinson,stephenskayla@hotmail.com,Female,United States of America,1960-04-06
48,Matthew,Gibson,aaronfitzpatrick@carlson-sutton.info,Male,Greece,1978-03-05
49,Adam,Smith,kevingarcia@gmail.com,Other,Macedonia,1965-07-07
50,Kathy,Johnson,kaitlynyates@yahoo.com,Other,Ireland,1983-01-01
51,Kevin,Allen,stricklandmatthew@yahoo.com,Male,Western Sahara,1990-04-10
52,Randy,Williams,cromero@hill-hamilton.net,Female,Slovenia,1951-01-22
53,Kristen,Davis,laurenking@hotmail.com,Female,Uganda,1975-05-23
54,Tyler,Kelley,mcollins@wang.com,Male,Cameroon,1999-12-17
55,Richard,Li,burtonsamantha@hotmail.com,Other,Brunei Darussalam,1965-08-29
56,Anthony,Wilcox,cgarcia@olson.com,Female,New Zealand,1981-06-10
57,Russell,Irwin,lucasrobert@yahoo.com,Female,Saint Vincent and the Grenadines,1962-05-15
58,Amy,Maxwell,jcampbell@anderson.com,Female,Vanuatu,1986-06-13
59,Paul,Griffin,jennifer76@hotmail.com,Other,Kuwait,1948-06-14
60,Jeffery,Smith,johnsonjenny@wood-molina.org,Other,Iraq,1987-03-08
61,Karen,Davis,rodriguezbrian@figueroa.org,Female,American Samoa,1982-10-23
62,Jason,Reese,owoods@gmail.com,Male,Tajikistan,1992-06-19
63,Aaron,Young,hsanchez@hotmail.com,Female,Senegal,1980-04-18
64,Neil,Obrien,wperry@gmail.com,Other,Lithuania,1981-07-11
65,Adam,Shannon,paul65@harrison.info,Female,Korea,1948-05-07
66,April,Acevedo,kmills@mcintosh-walker.biz,Male,Vanuatu,2005-02-21
67,Timothy,Walker,michellechristian@gmail.com,Other,Vanuatu,1959-07-28
68,Lawrence,Ward,rtorres@rodriguez.biz,Female,Korea,1971-11-20
69,Cynthia,Watson,felicia89@harris.org,Male,Turkey,2006-02-10
70,Cameron,Miller,williamsmicheal@hotmail.com,Female,Andorra,1951-10-07
71,Russell,Chavez,fchandler@yahoo.com,Other,Togo,1960-05-10
72,Megan,Johnson,sarellano@yahoo.com,Female,Argentina,1991-11-03
73,Michael,Watson,alexiswilliams@gmail.com,Other,Andorra,1991-01-15
74,Jacob,Stanley,thomasjeremy@hotmail.com,Other,Algeria,1959-03-09
75,Bradley,Jordan,chase15@yahoo.com,Other,Suriname,1955-11-28
76,Gary,Rivas,crystalhall@yahoo.com,Other,Benin,1943-07-28
77,Courtney,Aguilar,rachel89@barnes.biz,Female,Malta,1942-07-23
78,Nancy,Taylor,shanemoore@johnson.com,Male,France,1938-09-17
79,Jeffrey,Hall,nicole60@jones.net,Other,Swaziland,1963-10-27
80,Tammy,Roach,jschmidt@yahoo.com,Other,Taiwan,1979-08-19
81,Jason,Kim,kristinalopez@knight.com,Female,Sudan,1948-12-11
82,Gregory,Robinson,kaisereric@brown.net,Other,Antarctica (the territory South of 60 deg S),1992-07-22
83,April,Carlson,ygonzales@gmail.com,Male,Dominican Republic,1961-07-04
84,Kaylee,Mills,ryanstewart@alvarez-burton.info,Male,Namibia,1945-05-17
85,James,Roberts,jennifernewman@yahoo.com,Male,Thailand,1943-03-14
86,Jesse,Thompson,thomas81@poole-miller.biz,Other,Tuvalu,1949-03-01
87,Jerry,Francis,wluna@yahoo.com,Male,Solomon Islands,1980-11-08
88,Ryan,Simpson,michellewagner@young.com,Female,South Georgia and the South Sandwich Islands,1994-11-12
89,Elizabeth,Wagner,brenda49@bryant.com,Female,Germany,1956-07-25
90,Robert,Downs,bgarcia@smith.com,Female,Palau,1994-07-11
91,Megan,Kramer,markvalentine@santiago-taylor.com,Other,Myanmar,2005-04-23
92,Devin,Davidson,oserrano@yahoo.com,Male,Zimbabwe,1972-07-01
93,Rebecca,Huffman,heatherrobinson@greer-mercer.com,Female,Finland,2003-10-19
94,Cory,Dixon,yramirez@wright-morris.net,Male,Svalbard & Jan Mayen Islands,1992-06-22
95,Rebecca,Martin,tina62@yahoo.com,Other,Sudan,1978-08-07
96,Dawn,Gill,dianariley@yahoo.com,Female,Malaysia,1973-09-12
97,Gloria,Archer,gallagherangela@diaz-gill.biz,Other,Belize,2001-05-30
98,Tammy,Oneill,collinsvictor@wolfe.net,Other,Antigua and Barbuda,1994-09-22
99,Charlene,Wyatt,laura42@chang-yates.net,Male,Belgium,1968-09-22
100,Jonathan,Moore,kyle53@yahoo.com,Male,Bermuda,1935-12-06
101,Alice,Hinton,holtjennifer@gmail.com,Other,New Caledonia,1962-10-26
102,Raymond,Chang,edwinrowe@yahoo.com,Female,Netherlands Antilles,1970-12-11
103,Brendan,Newman,kellywest@cooper-henderson.biz,Other,Italy,1964-12-23
104,Vanessa,Brewer,hodgevalerie@hampton.info,Female,Faroe Islands,1990-09-17
105,Brad,Gomez,luis98@diaz.com,Other,Bermuda,1958-05-05
106,Thomas,Williams,brian99@yahoo.com,Other,Mongolia,2001-12-27
107,Jerry,Huber,wangrobert@lopez.info,Female,Turkmenistan,1975-01-06
108,Daniel,Williams,jason38@brown.com,Female,Barbados,1978-09-06
109,Louis,Harris,alanshea@simmons-lawrence.com,Other,Lao People's Democratic Republic,1996-01-06
110,Patrick,Boyd,darrell00@yahoo.com,Female,Gabon,1997-07-19
111,Donna,Allison,reedmichelle@yahoo.com,Female,Niue,1969-07-08
112,Michael,Richardson,mcdanielmeghan@hotmail.com,Other,South Africa,1989-12-21
113,Erin,Morris,gary83@perez.com,Male,Netherlands Antilles,1963-10-20
114,Audrey,English,anna81@hotmail.com,Other,Hong Kong,1964-06-20
115,John,Alvarado,laurenwalker@yahoo.com,Other,Malta,2004-02-09
116,David,Lopez,janderson@yahoo.com,Other,United States Virgin Islands,1939-10-03
117,Emily,Herman,catherinelong@hotmail.com,Male,Zambia,1973-09-07
118,Timothy,Strong,sarahwright@adams.net,Male,Northern Mariana Islands,1966-10-31
119,Charles,Berger,watsonkathryn@gregory.com,Female,Samoa,1980-10-22
120,Terri,Friedman,tsmith@yahoo.com,Male,Venezuela,1974-05-04
121,Keith,Livingston,corey62@yahoo.com,Female,Uganda,1983-09-01
122,Lauren,Martin,mmullins@benitez-jordan.com,Female,San Marino,1968-08-15
123,Cathy,Hernandez,davidcase@hotmail.com,Female,Benin,1943-11-08
124,Theresa,Winters,ian59@hotmail.com,Male,British Virgin Islands,1998-03-07
125,Donald,Myers,lyncherik@townsend.com,Male,Reunion,1938-01-22
126,Andrew,Wolfe,thomaskristen@nash.com,Other,Maldives,1954-07-29
127,Katherine,Brewer,hollybrown@mack.com,Other,Guernsey,1963-10-23
128,Stacy,Cooper,jill72@myers.com,Male,Turks and Caicos Islands,1960-05-14
129,Joseph,Brandt,kristen44@gmail.com,Female,American Samoa,1997-11-26
130,Susan,Hopkins,felicia52@brown-garcia.com,Male,Mexico,1967-04-12
131,Jeffrey,Scott,michael13@castillo-dennis.info,Male,Paraguay,1939-05-12
132,Matthew,Clark,atkinsonjeremy@young.org,Other,United Kingdom,1960-01-27
133,Melissa,Hawkins,sandovalandrew@gmail.com,Male,American Samoa,1988-02-19
134,Denise,Jensen,aanderson@wagner.biz,Male,Ireland,1958-09-08
135,Eric,Yang,maylogan@hotmail.com,Male,Denmark,1948-02-29
136,James,Anderson,tiffany36@yahoo.com,Male,Uruguay,1998-09-02
137,Amy,Henderson,sethjones@tapia.com,Female,Norfolk Island,1944-03-15
138,Ellen,Copeland,ylin@gmail.com,Other,Egypt,1986-05-29
139,Elizabeth,Solomon,jessica68@wilson.info,Female,Cayman Islands,1943-02-17
140,Veronica,Hoffman,hallmichele@stanton.net,Female,Gibraltar,1944-05-16
141,Michael,Dawson,oharris@dunn-morgan.com,Female,Nepal,1960-08-14
142,Shelly,Alvarez,halldonna@juarez-copeland.com,Female,French Southern Territories,1947-07-08
143,Thomas,Farmer,karen89@gmail.com,Male,Germany,1971-03-30
144,Frank,Leon,william55@mitchell.com,Male,Djibouti,1973-08-07
145,Kimberly,Lopez,smorgan@case.com,Female,Anguilla,1934-10-06
146,David,Smith,ofox@herrera.com,Male,Palestinian Territory,2006-10-22
147,Pamela,Jones,jessica56@yahoo.com,Male,Bosnia and Herzegovina,1999-09-16
148,Joseph,Barnes,ucook@yahoo.com,Other,Isle of Man,1986-04-11
149,Travis,Johnson,jamesmorgan@hunter.net,Female,Hong Kong,1981-11-04
150,Pamela,Wilson,phillipslauren@cardenas.info,Female,Honduras,1970-09-08
151,David,Rodriguez,garciabrittney@yahoo.com,Other,Costa Rica,1940-09-28
152,Tanya,Thompson,susan08@huang-gonzalez.biz,Male,Saint Vincent and the Grenadines,1939-01-07
153,Thomas,Mason,bmiller@gmail.com,Male,Myanmar,2001-08-27
154,Betty,Marquez,nancy55@ward-flores.com,Other,Cuba,1950-04-11
155,Willie,Davis,jenniferbuckley@gmail.com,Other,Bhutan,2001-12-03
156,Brian,Harper,lisa38@rice.biz,Female,Algeria,1985-03-06
157,Brandon,Woods,coreyhernandez@gmail.com,Other,Honduras,1973-07-22
158,William,Fischer,rsullivan@daniel.biz,Other,Spain,1952-02-20
159,Laura,Reid,dlowery@yahoo.com,Female,Puerto Rico,1939-08-01
160,Grace,Petersen,robert84@thomas.com,Female,Cape Verde,1994-02-24
161,Aaron,Mcclure,zmoon@yahoo.com,Male,Korea,1997-12-10
162,Christine,Gonzalez,pamela03@swanson.com,Other,Uganda,1987-07-07
163,Matthew,Henry,shannon24@hotmail.com,Other,Pakistan,1992-12-27
164,Kelsey,Smith,mgonzalez@yahoo.com,Female,Bangladesh,1964-01-13
165,Julia,Anderson,christopher56@wallace.com,Female,New Zealand,1957-10-14
166,David,Warren,burkerichard@hotmail.com,Female,Czech Republic,1965-11-20
167,Michael,Lee,thomasbaker@stone.com,Other,Nigeria,1961-09-12
168,Carmen,Ayers,jodigonzalez@hotmail.com,Male,Korea,1994-03-02
169,Peter,Henson,drewsmith@gmail.com,Female,Trinidad and Tobago,1942-12-08
170,Benjamin,Henry,toni15@rivers.com,Other,Mauritania,1995-08-28
171,Brandon,Brennan,heathleslie@hotmail.com,Female,Vanuatu,1969-02-12
172,Curtis,Ramirez,mullinspamela@martin.com,Other,Korea,1963-08-26
173,Andrew,Santos,ncisneros@caldwell.com,Other,Barbados,1997-07-24
174,Timothy,Jackson,ysmith@durham.com,Other,Tuvalu,1965-02-25
175,Casey,Navarro,srodriguez@kelly.com,Male,Brunei Darussalam,1967-09-21
176,Cynthia,Zuniga,msmith@hotmail.com,Male,Cambodia,1938-09-03
177,Christopher,Reilly,joannwhite@yahoo.com,Other,Greece,1984-04-30
178,Kayla,Wilson,bakerwilliam@hotmail.com,Male,Netherlands Antilles,1978-10-29
179,Ronald,Rodriguez,clinemelissa@hamilton.com,Male,Namibia,1959-09-24
180,Norma,Price,jonesclinton@yahoo.com,Female,Colombia,1989-05-10
181,Gloria,Buckley,stephenle@williams-richmond.info,Other,Congo,1944-03-19
182,Louis,Rogers,sherylramirez@gmail.com,Male,Martinique,1943-04-04
183,Kevin,Brown,ebarrett@chavez.com,Other,Turkmenistan,1986-03-29
184,Jeffrey,White,jodyvaughn@williams.com,Female,Poland,1987-06-14
185,Alexis,Juarez,gary91@taylor-lowery.com,Female,Syrian Arab Republic,1977-06-29
186,Eric,Wright,josephanderson@franklin.com,Male,Maldives,1934-08-30
187,Rebecca,Farrell,ycooper@peterson.com,Female,Benin,1952-12-01
188,Derek,Zuniga,mstewart@flores-smith.com,Other,Lithuania,2000-11-09
189,Brooke,Huff,ojohnson@mckinney.com,Female,Congo,1969-02-20
190,Paul,Owens,thammond@hotmail.com,Male,Vietnam,1957-01-07
191,Christian,Miller,reynoldsjames@williams.org,Other,Kenya,1971-09-10
192,April,Schneider,jcampbell@yahoo.com,Other,Ethiopia,1980-08-27
193,Sheena,Bishop,jrobinson@hotmail.com,Female,Anguilla,1965-02-10
194,Megan,Anderson,leahnelson@munoz.com,Female,Palau,1990-08-20
195,Amy,King,deanna55@jackson-dunn.com,Male,Colombia,1965-10-22
196,Tammy,Gould,william69@anderson.biz,Male,Saint Pierre and Miquelon,1945-03-28
197,Julia,Young,alyssa78@hotmail.com,Female,Kenya,1984-04-07
198,Bobby,Bass,eyork@yahoo.com,Other,Malta,1969-10-17
199,Tamara,Ingram,gutierrezjoshua@barton-sanchez.org,Female,Jamaica,1938-04-11
200,Todd,Roth,alexandersharon@king.org,Female,Iceland,1986-02-05
201,Mitchell,Nguyen,natasha36@love.biz,Male,Antarctica (the territory South of 60 deg S),1954-02-16
202,Brian,Logan,ericsantiago@campbell.com,Female,Indonesia,1962-07-27
203,Melissa,Davis,lindsey09@foster.org,Female,Myanmar,1979-10-25
204,Kim,Hill,latoya13@hotmail.com,Other,Senegal,1937-02-02
205,Pamela,Bird,brandy93@benson.com,Female,Palau,1943-06-23
206,John,Harrison,jlopez@camacho.com,Female,Western Sahara,1992-09-06
207,Sonya,Soto,gravesleslie@fox.com,Female,Italy,1993-03-02
208,Jessica,Hickman,nicholas93@hotmail.com,Male,Svalbard & Jan Mayen Islands,2004-12-16
209,Andrew,Thompson,david06@gmail.com,Male,New Zealand,1999-05-17
210,Brianna,Rodriguez,melissa63@yahoo.com,Female,Botswana,1946-02-18
211,Adam,Miller,jonathanwalker@gmail.com,Male,Aruba,2000-12-09
212,Alex,Wilson,natalie89@gmail.com,Other,Dominica,1973-03-24
213,Jerry,Thompson,kyleparker@brown.biz,Other,Guernsey,2001-01-08
214,Ashley,Adams,christinecollins@gmail.com,Other,Germany,1999-08-21
215,Jessica,Hogan,pthomas@yahoo.com,Other,Cocos (Keeling) Islands,1943-12-13
216,Amy,Lee,carrillodavid@bailey-shaw.com,Male,Barbados,1967-04-15
217,Linda,Bowman,pburton@yahoo.com,Other,Martinique,1949-10-20
218,Pamela,Stewart,flloyd@gmail.com,Other,China,1951-06-13
219,Ryan,Jennings,brittany67@gmail.com,Female,Comoros,1981-03-04
220,Jennifer,Fleming,ghunter@gmail.com,Male,Portugal,1949-04-16
221,Roberto,Owen,hamiltoncaleb@hansen.com,Female,Palau,1969-08-24
222,Kent,Barrera,wwright@ellis.biz,Other,Kenya,1953-12-02
223,Katherine,Nash,ymorris@ryan.com,Female,Lithuania,2006-03-06
224,Benjamin,Villanueva,petersstephen@yahoo.com,Male,Slovenia,1950-05-26
225,Kyle,Davis,chadrobinson@gmail.com,Male,India,1977-09-29
226,David,Maddox,nicholas97@hotmail.com,Female,Rwanda,1982-10-05
227,George,Murray,zpugh@yahoo.com,Other,Zimbabwe,1978-03-07
228,Ronald,Howard,kfrederick@robinson.info,Other,Denmark,1937-08-05
229,James,Odom,vluna@mitchell.info,Male,Haiti,1940-01-30
230,Michael,Thompson,christopherwatson@hotmail.com,Male,Taiwan,2005-07-14
231,Rachel,Romero,steven27@hotmail.com,Male,Serbia,1962-01-18
232,Scott,Perry,pearsonchristopher@gmail.com,Female,Isle of Man,1960-10-22
233,Jeffrey,Hall,desiree68@parker.info,Female,Saint Lucia,1939-02-07
234,Robin,Cook,chernandez@gmail.com,Female,Montenegro,1993-10-23
235,Andrew,Smith,eduardo67@phillips.info,Female,Afghanistan,1950-07-17
236,Michael,Taylor,kylebarry@gmail.com,Other,Saint Lucia,1979-11-30
237,Stephanie,Munoz,yhowell@welch.com,Other,Antarctica (the territory South of 60 deg S),1999-02-28
238,Robert,Solis,larsonamanda@leblanc.com,Male,Jordan,1937-07-27
239,Jennifer,Ramirez,sstewart@gmail.com,Other,Thailand,1949-10-06
240,Jennifer,Valdez,hayesjohn@hotmail.com,Other,Zimbabwe,1960-04-01
241,Dawn,Vincent,joshua96@garcia.com,Other,Senegal,1965-05-26
242,Jennifer,Garcia,susanramirez@gordon.org,Other,Vietnam,1944-02-20
243,Nicole,Lee,tony13@yahoo.com,Female,Belize,1983-06-25
244,Heather,Clark,christopher76@gmail.com,Male,Suriname,1956-01-08
245,Kathryn,Greer,arellanotyler@taylor.net,Female,Iran,1980-12-24
246,Zachary,Stevens,hannaholiver@diaz.com,Male,Romania,1981-03-22
247,Deborah,Anderson,mezaalbert@gomez-hurst.com,Female,Tuvalu,1992-09-18
248,Andrew,Rodriguez,rachelgreen@farrell.info,Female,Libyan Arab Jamahiriya,2004-07-19
249,Aaron,Andrade,johnsonchristopher@hotmail.com,Male,Namibia,1999-02-04
250,William,Diaz,kelly28@garcia.biz,Other,Mongolia,1986-05-22
251,Carolyn,Reed,jvega@gmail.com,Other,Montserrat,2002-10-11
252,Mark,Hodge,shepardcharles@clay-rice.com,Male,Norway,1984-01-08
253,William,Johnson,bgonzalez@ortiz-brooks.com,Other,Turkmenistan,1957-03-19
254,Margaret,Park,patrickritter@gmail.com,Other,Canada,1996-08-24
255,Stephanie,Burton,tinacraig@terry.com,Female,Netherlands,1954-12-13
256,Douglas,Romero,lisalucas@yahoo.com,Female,Botswana,1970-01-17
257,Kelsey,Barnett,pruitterika@sullivan.org,Female,Kazakhstan,1935-04-13
258,Seth,Maynard,stewartmelissa@gmail.com,Other,Solomon Islands,1976-04-18
259,Marvin,Rodriguez,renee64@andrews.com,Other,Saint Helena,1952-05-05
260,Kyle,Brown,hhart@bridges.org,Female,Vanuatu,1970-03-09
261,Nicholas,Wang,wharris@hotmail.com,Female,Costa Rica,1992-04-27
262,Jennifer,Kane,dcross@miller.info,Male,Libyan Arab Jamahiriya,1942-12-22
263,Nicole,Alvarez,johnsoncory@gmail.com,Other,Guadeloupe,1962-09-11
264,Molly,Rice,mooretravis@yahoo.com,Other,Montserrat,1967-01-31
265,Pamela,Simpson,modonnell@hotmail.com,Other,Philippines,1989-05-24
266,Javier,Hodges,susan46@jones.org,Male,United Arab Emirates,1995-11-22
267,Michael,Contreras,williamsgrace@kane.info,Other,Montenegro,1942-02-02
268,Jenny,Farmer,jeremy33@weaver-henderson.com,Male,Madagascar,1954-09-09
269,Brian,Jones,iwalker@yahoo.com,Male,Saint Vincent and the Grenadines,1993-08-26
270,Glen,Peterson,aaronjones@gmail.com,Female,Brazil,1947-09-28
271,Jeffrey,Ruiz,richardwood@yahoo.com,Female,Macao,1995-10-02
272,Marie,Buchanan,rogersparks@potter.com,Other,Saudi Arabia,1997-06-22
273,Matthew,Reed,christianharris@yahoo.com,Female,Korea,1981-12-09
274,Kristin,Johnson,robertsonsteven@gmail.com,Female,Solomon Islands,2006-09-13
275,Oscar,Hinton,crystalcole@hotmail.com,Male,Panama,1981-03-11
276,Anthony,Smith,cummingscolin@simpson.com,Male,Saint Vincent and the Grenadines,1934-09-29
277,James,Mckinney,mdominguez@yahoo.com,Female,Canada,1969-06-09
278,Monica,Mathis,cody41@hayes-may.com,Other,Armenia,1993-12-12
279,Jeffrey,Moore,mosessara@hotmail.com,Female,Martinique,1959-10-07
280,Tamara,Wade,dweeks@hudson.com,Male,Saint Pierre and Miquelon,1976-04-28
281,Denise,Pittman,buckleydanielle@yahoo.com,Female,Namibia,1982-01-03
282,Jason,Campbell,jill02@yahoo.com,Female,Samoa,1945-07-08
283,Aaron,Cole,amandabell@butler-austin.biz,Male,Myanmar,1948-05-12
284,Sherry,Curtis,jamesmorrison@gmail.com,Other,Grenada,1934-07-29
285,Stephen,Lowe,pachecotravis@padilla.com,Female,Niue,1986-10-04
286,Amy,Holmes,michelle84@gmail.com,Female,United States Virgin Islands,1996-07-26
287,Charles,Jones,sharonsingleton@gmail.com,Female,Czech Republic,1961-03-16
288,Christine,Wright,kerrygonzalez@jordan-rogers.net,Female,Senegal,1989-05-18
289,Bruce,Jackson,brian72@yahoo.com,Female,Czech Republic,2002-01-06
290,Sarah,Hernandez,amber42@garcia.com,Female,Slovenia,1937-02-03
291,David,Smith,martinrichard@bell.com,Male,United Kingdom,1936-03-09
292,Rebecca,Carey,blakewebster@henderson.net,Female,Pitcairn Islands,1992-01-25
293,Heather,Evans,cory86@barton-lloyd.biz,Male,Comoros,1979-05-03
294,Elizabeth,Charles,patrickscott@yahoo.com,Female,Norway,1943-11-19
295,Robert,Meyer,david19@thompson-marks.com,Other,Saudi Arabia,1983-06-07
296,Jason,Butler,bryan53@lester-strong.com,Female,Cayman Islands,2002-02-09
297,John,Berry,joseph66@barajas-buckley.com,Male,Saint Helena,1937-01-29
298,Ryan,Brown,lsmith@williams.net,Female,Malta,2005-12-24
299,David,Hunter,caseydiaz@navarro-vasquez.biz,Other,South Georgia and the South Sandwich Islands,1979-04-11
300,Michael,Adkins,chelseawiggins@carter-stephens.com,Other,Tajikistan,1960-10-22
301,Jeffrey,Mccoy,badkins@hotmail.com,Other,Comoros,2004-02-16
302,Amanda,Williams,karijohnson@smith.com,Female,Slovakia (Slovak Republic),1987-01-10
303,Daniel,Thompson,leedan@henderson.biz,Other,Holy See (Vatican City State),2004-04-24
304,Valerie,Sanchez,hernandezgregory@wilson.com,Male,Portugal,1953-09-20
305,Brandi,Moore,wagnertonya@garza.com,Other,Iran,1983-06-20
306,Kimberly,Robinson,gilmorejames@hotmail.com,Male,Zambia,1939-06-23
307,Timothy,Harris,dixonpaul@guzman.com,Male,Ukraine,1968-04-09
308,Keith,Johnson,smithjohn@yahoo.com,Male,Guernsey,1964-03-07
309,Robert,Johnson,westpaul@hotmail.com,Female,Tonga,1980-11-13
310,Thomas,Diaz,ronald72@smith-miller.info,Female,Austria,1943-08-09
311,Dustin,Miller,fosterbrian@moore.info,Male,Puerto Rico,1995-08-31
312,Travis,Rivera,ggarcia@maynard.org,Other,Serbia,1998-09-23
313,Patricia,Perkins,rodriguezhenry@yahoo.com,Other,Senegal,1976-05-25
314,Kimberly,Roberson,davidwatson@ramos-park.info,Male,Aruba,1937-11-28
315,Ashley,Cooper,ashleestevens@yahoo.com,Other,Argentina,1996-10-07
316,Christine,Thomas,lfisher@gmail.com,Female,Cuba,1996-06-23
317,Michael,Lawrence,kelly66@moreno.com,Other,Uzbekistan,1961-03-26
318,Bonnie,Stone,lisawilliams@hotmail.com,Male,Holy See (Vatican City State),1934-08-16
319,Jessica,Jimenez,johnsonsharon@gmail.com,Other,Azerbaijan,1989-10-22
320,Manuel,Clayton,haroldjimenez@williams.com,Male,Mauritania,1995-04-16
321,Jennifer,Bradley,ianderson@donaldson.com,Male,Hong Kong,1939-07-18
322,Melinda,Clark,jill08@lutz-nguyen.info,Female,Afghanistan,1941-06-07
323,Keith,Smith,morenomichael@gmail.com,Male,Germany,1982-04-29
324,Lee,Maxwell,dawn44@sanchez-miller.com,Female,Burundi,2001-10-15
325,Marilyn,Wallace,james02@yahoo.com,Other,Dominica,1936-08-30
326,Tyler,Davis,nicholasnorman@huynh.info,Male,Sierra Leone,1981-12-16
327,Justin,Cook,hebertjason@gmail.com,Female,New Zealand,2005-01-26
328,Annette,Gilmore,moraleslisa@gonzales.com,Other,United States Minor Outlying Islands,1936-09-02
329,Jennifer,Hunter,laura91@gmail.com,Male,Grenada,1942-06-27
330,Jamie,Walker,zbrown@yahoo.com,Male,United States Virgin Islands,1981-07-15
331,Andrea,Banks,daniel57@hotmail.com,Male,United Kingdom,1951-05-21
332,Kathryn,Johnson,yolandadalton@hotmail.com,Female,United States of America,1998-12-14
333,Ian,Byrd,hernandezdamon@hotmail.com,Other,Dominica,1957-11-02
334,Ryan,Hunt,jhooper@leonard.com,Other,Saint Kitts and Nevis,1952-11-03
335,Lori,Thomas,amoore@brown-king.com,Male,Cote d'Ivoire,1955-01-10
336,Brad,Castaneda,raven07@gmail.com,Female,Brazil,1934-04-10
337,Laura,Wright,olivermichelle@doyle-hughes.com,Other,Bulgaria,1958-03-05
338,William,Schneider,smueller@gmail.com,Female,Djibouti,1998-03-31
339,Haley,Orr,jacksonanna@thomas.com,Other,Monaco,1934-07-20
340,Edward,Taylor,garciamark@hotmail.com,Female,Switzerland,2005-11-04
341,Christian,Le,hwong@russell.com,Female,Mongolia,1982-10-23
342,Andrew,Miller,fostersara@thompson-fisher.net,Other,Marshall Islands,1952-04-27
343,David,Potts,wsmith@lewis.info,Male,Samoa,1985-10-30
344,Sherri,Lawrence,bskinner@gmail.com,Other,Mozambique,1958-12-19
345,Allison,Hinton,selenamckenzie@yahoo.com,Female,Vietnam,2006-03-15
346,Amy,Fields,robertschwartz@gmail.com,Female,Jordan,1956-01-10
347,Sarah,Miller,thomasmark@foster.com,Female,Morocco,1976-07-04
348,Joshua,Ballard,zdunn@yahoo.com,Other,Belgium,1944-10-15
349,David,Hoffman,kimberly65@mitchell.com,Female,Guinea,1946-04-29
350,Johnny,Davis,trevorpayne@hotmail.com,Male,Russian Federation,1990-04-14
351,Elizabeth,Wells,robertawalker@whitney.com,Male,Central African Republic,2005-01-10
352,Lisa,Rodriguez,cynthiapineda@gmail.com,Other,Romania,1961-04-20
353,Rebecca,King,twoods@yahoo.com,Male,Norfolk Island,2003-11-26
354,Joseph,House,lawsonandrew@hotmail.com,Other,Burundi,1935-03-08
355,Jose,Jones,parksgeorge@hotmail.com,Male,Jersey,1972-06-29
356,Clayton,Farmer,susan12@martinez.com,Female,Syrian Arab Republic,1998-03-09
357,Scott,Young,fwilson@walters.biz,Male,Greece,1968-05-28
358,Anthony,Davis,efarrell@hunter.biz,Male,New Caledonia,1958-02-25
359,Jack,Ware,thompsonmark@smith.com,Female,Bangladesh,1996-01-15
360,Kerry,Beasley,andrew41@cervantes.com,Female,Turks and Caicos Islands,1962-04-04
361,Erika,Martinez,zmckee@roberts.com,Other,Gabon,1997-11-08
362,John,Poole,beckandrew@farrell.com,Male,Greenland,1935-10-13
363,Sharon,Mejia,lynnchung@hotmail.com,Female,Fiji,1981-04-01
364,Gary,Simon,valenzuelanicholas@howard.com,Male,French Southern Territories,1990-11-14
365,Robert,Fox,sherryhunt@jones.com,Male,Saint Barthelemy,1971-06-09
366,Sharon,Allen,kristen43@yahoo.com,Male,Luxembourg,1961-02-21
367,Sarah,Powers,thomasrodriguez@yahoo.com,Other,Western Sahara,1984-12-24
368,John,Meyer,chase97@schultz-allison.com,Other,Cayman Islands,1950-10-29
369,Madison,Wall,hansonjennifer@hotmail.com,Female,Aruba,1944-03-17
370,Jennifer,Silva,allison87@smith.com,Male,Ghana,2003-08-31
371,Paul,Allen,smithdavid@conrad.com,Other,Cameroon,1991-09-11
372,Kevin,Watson,ijones@hotmail.com,Other,Madagascar,2003-12-09
373,Abigail,Gibson,colemanpaula@yahoo.com,Female,Rwanda,1970-12-27
374,Mark,Sweeney,tracifernandez@hotmail.com,Male,United Kingdom,1947-10-23
375,William,Marquez,khayden@yahoo.com,Female,Morocco,1971-05-08
376,Sarah,Herrera,lsmith@hotmail.com,Male,Zimbabwe,1936-06-27
377,Dawn,Young,ytate@hotmail.com,Male,Slovakia (Slovak Republic),1958-10-17
378,David,Terry,santiagojulie@williams.com,Male,Bhutan,1955-03-19
379,Eric,Bridges,stephaniemcbride@clark.org,Female,Cameroon,1982-07-10
380,Stacy,Chang,christopher79@gordon-berg.info,Female,Ecuador,1948-02-25
381,Katherine,Williams,thompsongregory@george.info,Other,Montserrat,1971-05-04
382,Keith,Meza,anthonyhernandez@lopez-miller.info,Male,United Kingdom,1979-04-06
383,Patrick,Rodriguez,jacobbell@weber.com,Female,Cayman Islands,1970-07-15
384,Lisa,Cook,kathleenwall@hotmail.com,Female,New Zealand,1966-05-18
385,Richard,Davis,barajasleah@ward.net,Male,Lebanon,1992-06-19
386,Donna,Burke,qrivas@hotmail.com,Other,Malaysia,2002-02-09
387,Nicholas,Chavez,yray@coleman-jones.com,Male,Israel,2004-04-19
388,Nathan,Benson,joshuaray@gardner.com,Female,Bhutan,1986-04-20
389,James,Dunlap,randyharris@bell-boyer.net,Male,India,1943-10-10
390,Ryan,Welch,jacksonchristina@griffin-williams.com,Female,Saint Vincent and the Grenadines,1945-12-22
391,Michael,Chung,mking@gmail.com,Female,Falkland Islands (Malvinas),1955-10-21
392,Christopher,Shields,brucethomas@lee.info,Other,Spain,1947-09-06
393,Laura,Johnson,marialeblanc@yahoo.com,Other,Ethiopia,1973-01-23
394,Stephanie,Hill,sarah41@gray.org,Female,Barbados,1980-08-21
395,Kristin,Banks,johnmartinez@brown.com,Other,Kuwait,1997-09-22
396,Christopher,Beck,watsonmichael@miller.com,Other,Bhutan,1999-10-07
397,Mark,Pham,robertsdonald@bartlett-bruce.biz,Female,Estonia,1998-08-08
398,Timothy,Carter,jessica14@drake.com,Other,France,1961-07-19
399,Laura,Kim,traci41@hotmail.com,Male,China,1951-02-17
400,Jesus,Johnson,daviskimberly@davis.com,Female,Eritrea,1961-05-12
401,John,Marshall,reginald35@yahoo.com,Female,Portugal,1957-05-02
402,Christine,Jones,olsonmichelle@mason.com,Male,Argentina,1991-07-23
403,Deborah,Jordan,danielhansen@gmail.com,Female,Nauru,1994-06-10
404,Theresa,Riley,michael09@hotmail.com,Female,Russian Federation,2002-11-18
405,Jasmine,Butler,theresagrant@everett-kim.com,Female,Djibouti,1948-09-01
406,Eric,Henderson,austin86@hotmail.com,Other,Malawi,1999-10-12
407,Micheal,Wright,millerdebbie@yahoo.com,Other,Holy See (Vatican City State),1941-04-09
408,Michael,Mooney,sarahgonzalez@flores.com,Female,Mongolia,1980-01-18
409,Mitchell,Harvey,laura57@king-simmons.info,Other,Costa Rica,2000-12-25
410,Jennifer,Reed,barnesheather@hotmail.com,Male,Togo,1936-08-04
411,Jennifer,Williams,patricia64@hotmail.com,Male,Saint Kitts and Nevis,1983-02-07
412,Jesus,Roberts,whoffman@hotmail.com,Female,Sierra Leone,1967-05-26
413,Dillon,Andrews,danawilliams@small-ryan.com,Other,Congo,1957-04-30
414,Bianca,Koch,tcobb@hotmail.com,Female,Brunei Darussalam,1970-05-01
415,Jamie,Williams,clarkjay@williams.com,Other,Japan,1976-07-09
416,Kathleen,Mendez,whitney22@carr.com,Male,Czech Republic,1976-03-17
417,Kelly,Chavez,mooretravis@jones-lane.com,Other,Liechtenstein,2005-12-15
418,James,Silva,leonamy@yahoo.com,Female,Tunisia,1989-07-26
419,Theresa,Sanders,imartinez@hogan.biz,Male,Chile,1981-06-08
420,Antonio,Cuevas,ffoley@gmail.com,Other,Belarus,1950-12-05
421,Drew,Hamilton,erinrowe@yahoo.com,Male,Latvia,1997-05-15
422,Alexis,Davis,osmith@ruiz-clark.biz,Female,United States Virgin Islands,1944-06-07
423,Tonya,Weber,fpalmer@perez.com,Other,Mauritania,1996-03-01
424,Todd,Long,elizabethquinn@knapp.com,Other,Sierra Leone,1997-06-03
425,Daniel,Drake,dgarrett@patterson-berger.com,Male,Czech Republic,1937-05-02
426,Amy,Hampton,juliejordan@yahoo.com,Male,Guyana,1978-04-10
427,Elizabeth,Golden,tammywagner@nguyen.info,Male,Kuwait,1940-02-14
428,Sarah,Montoya,keithlee@roberts-thompson.com,Female,Vietnam,1997-08-01
429,Cassandra,Ramirez,xwood@yahoo.com,Male,Jamaica,1945-03-26
430,Jo,Williams,cbailey@gmail.com,Other,Tonga,2005-08-23
431,Rachel,Reyes,kelseydillon@yahoo.com,Female,Puerto Rico,1983-04-28
432,Garrett,Allen,hallpaul@phelps.com,Female,Lithuania,1976-03-26
433,Robert,Smith,bruceweaver@montgomery-webb.com,Female,Western Sahara,1945-03-20
434,James,Lee,charlesjones@parker-morales.com,Female,Samoa,1971-11-29
435,Amanda,Jordan,obrienamy@lopez-adams.com,Female,Kiribati,1944-09-27
436,Brandi,Nelson,manuel20@gmail.com,Female,Cote d'Ivoire,1953-04-04
437,Ricardo,Houston,ypatterson@yahoo.com,Other,Syrian Arab Republic,1971-08-23
438,Brandon,Arias,robertyoung@phillips.com,Male,Andorra,1936-10-09
439,Rhonda,Nunez,marycarr@solomon.com,Female,Papua New Guinea,1947-01-09
440,Kristine,Sanchez,diazmiguel@aguilar.com,Other,Aruba,1998-06-14
441,David,Graves,brenda61@hotmail.com,Female,Uganda,1951-07-16
442,Monica,Duffy,harrispaige@perez.net,Male,Luxembourg,1995-03-28
443,Carmen,Simpson,lopezaustin@hotmail.com,Female,New Zealand,1984-10-14
444,Victor,Wolf,ryanrichards@hotmail.com,Other,Maldives,1968-07-01
445,Denise,Craig,mcdonaldkyle@yahoo.com,Other,Kuwait,1948-08-11
446,Ana,Bruce,kochjohnathan@gmail.com,Male,Pitcairn Islands,2003-06-19
447,Colleen,Brewer,wilsonshannon@gonzalez-acosta.com,Female,Turks and Caicos Islands,2004-02-28
448,Shannon,Campbell,vcortez@yahoo.com,Female,Israel,1977-12-03
449,Emily,Cortez,daniel24@hotmail.com,Female,Bosnia and Herzegovina,1953-08-17
450,Deborah,Francis,josephvictoria@castillo.com,Female,Wallis and Futuna,1942-03-07
451,Stacy,Martinez,nshelton@morris.com,Male,Luxembourg,1992-05-08
452,Marvin,Thompson,baileyjulia@hotmail.com,Male,Hungary,1936-12-30
453,Michelle,Alvarez,rebecca90@hotmail.com,Female,Bolivia,1960-03-13
454,Jon,Blair,glopez@gmail.com,Other,Mauritania,1968-10-03
455,Cameron,Miller,paullynch@wyatt.com,Male,Christmas Island,1986-08-28
456,Jeremy,Lin,kristi41@gmail.com,Other,Cameroon,1984-10-21
457,Kimberly,Mcguire,vpena@yahoo.com,Other,Netherlands Antilles,1944-07-22
458,Adam,Williams,briansmith@grimes-obrien.net,Female,Gambia,1989-01-23
459,Gina,Baker,daniel77@yahoo.com,Other,Angola,1970-12-22
460,Stephanie,Brown,woodsdouglas@taylor-sanchez.com,Male,Gambia,1977-09-18
461,James,Wood,david36@taylor.net,Male,Malaysia,1994-06-08
462,Michael,Kelly,jamessmith@gmail.com,Male,Austria,1968-09-11
463,Jennifer,Burke,johnsonrichard@gmail.com,Female,Zambia,2002-09-17
464,Julie,Kennedy,hortonrobert@yoder-mendoza.com,Female,Panama,1970-09-26
465,David,Williams,duartetimothy@hotmail.com,Other,Anguilla,1970-07-13
466,James,Park,edavis@cox.org,Female,Central African Republic,1955-04-07
467,David,Sampson,bmejia@davis.com,Other,Trinidad and Tobago,2005-02-18
468,Tony,Nguyen,dgarcia@yahoo.com,Male,Cameroon,1986-02-07
469,Erin,Reeves,wilcoxjonathan@yahoo.com,Female,Chile,1972-03-18
470,Joseph,Martin,zlee@joseph-webb.com,Male,Latvia,1953-10-13
471,Geoffrey,Moon,omorrison@keith-curry.org,Male,Fiji,1935-09-07
472,Lee,Padilla,jflores@gmail.com,Other,Portugal,1952-10-15
473,Andrew,Black,reginaldgilbert@anderson-lee.org,Female,Grenada,1968-11-09
474,Michael,Palmer,elizabethcox@gmail.com,Female,Armenia,1965-10-13
475,Hannah,Moore,richard64@yahoo.com,Male,Barbados,1980-09-22
476,Cassandra,Cannon,marktrevino@hotmail.com,Male,Latvia,1967-02-10
477,Megan,Romero,kingkim@hull.com,Male,Yemen,1965-04-15
478,Megan,Rollins,kristabennett@guerra.biz,Female,Bangladesh,1971-04-25
479,Yolanda,Vargas,stephen60@young.com,Other,Solomon Islands,1979-01-19
480,Christopher,Brown,douglas39@olson.com,Other,Saint Pierre and Miquelon,1993-08-14
481,Sean,Jones,eroberts@murphy-hall.com,Other,Kuwait,1939-12-09
482,Alan,Brown,louisross@wallace.com,Male,Palestinian Territory,1944-01-06
483,Renee,Miller,robertgreer@yahoo.com,Female,Sri Lanka,1968-10-15
484,Michael,Collins,qsmith@price-harrington.biz,Male,Jersey,2004-02-18
485,Brandi,Anthony,bscott@young-martinez.com,Female,Uzbekistan,1960-12-13
486,David,Keith,colleen59@cruz.org,Female,Dominican Republic,2002-12-05
487,Mark,Rosario,sean61@acosta.com,Male,Zambia,1945-06-15
488,David,Harper,tcook@gmail.com,Male,Ethiopia,1986-01-26
489,Timothy,Reed,amanda99@hotmail.com,Female,Cook Islands,1996-12-18
490,Karl,Smith,garywright@gonzalez.com,Female,Sudan,1999-05-27
491,Brent,Castro,jacksonmoses@yahoo.com,Female,Bahrain,1973-06-17
492,Patrick,Zimmerman,nedwards@pena-hall.com,Other,Latvia,1986-05-05
493,Todd,Mckay,tyler23@yahoo.com,Female,Libyan Arab Jamahiriya,1996-07-22
494,Jacqueline,Owens,gordonleslie@yahoo.com,Female,Vietnam,1988-08-30
495,Marcia,Harris,piercejennifer@yahoo.com,Other,Central African Republic,1993-07-28
496,Lori,Jones,johnchambers@griffin-brown.com,Female,Saint Lucia,1937-07-13
497,Tamara,Meyer,rachelnguyen@gmail.com,Female,Sudan,1973-08-28
498,Rebecca,Drake,juandean@smith-hoover.com,Male,Slovakia (Slovak Republic),1997-03-04
499,Ashley,Holland,mharris@hood.com,Female,Cocos (Keeling) Islands,1977-01-06
500,Danny,Thomas,parksstacy@gmail.com,Male,Argentina,1938-08-01
501,Robert,Gomez,georgesalas@wilson.com,Male,Cayman Islands,1992-03-12
502,Daniel,Buchanan,fray@jones.com,Male,Liechtenstein,1948-07-05
503,Nicholas,Perez,ddavis@hotmail.com,Female,Senegal,1965-08-17
504,Kristina,Kirby,christopherburch@hotmail.com,Female,Peru,1968-10-31
505,Gerald,Lindsey,gmadden@yahoo.com,Other,Guatemala,1944-03-14
506,Jasmine,Davis,nicholas45@gmail.com,Male,Vietnam,2001-02-22
507,Jonathan,Lewis,johnnywang@yahoo.com,Male,Bhutan,1986-08-07
508,James,Campbell,kyle99@gmail.com,Other,Bahamas,1999-07-22
509,Paul,Miller,pcobb@yahoo.com,Other,Finland,1956-11-13
510,Victor,Lee,martinmarvin@hotmail.com,Other,Croatia,2005-08-26
511,Ricky,Blackwell,andrew59@hotmail.com,Other,Netherlands Antilles,1970-05-30
512,Kristi,Fox,uwilliams@montgomery-casey.info,Female,South Georgia and the South Sandwich Islands,1965-07-13
513,Damon,Andrews,ashleydaniels@hotmail.com,Female,Hungary,1945-12-20
514,Christopher,Green,stephaniebennett@hicks.biz,Other,Hong Kong,2005-09-06
515,Rachel,Brown,dixondenise@gmail.com,Other,French Southern Territories,1966-03-31
516,Stephanie,Matthews,wmartinez@sanchez.com,Male,Saint Kitts and Nevis,1998-07-11
517,Ryan,Green,johnboyd@atkinson.com,Male,Brunei Darussalam,1954-04-10
518,Latoya,Roberts,amandayoder@gmail.com,Female,Belarus,1998-03-14
519,Elizabeth,Fox,sarahbates@yahoo.com,Other,Oman,1958-09-15
520,Ronald,Carey,adamkelly@gmail.com,Female,Macao,2006-07-17
521,Robert,Adams,sonia14@le.com,Female,Kuwait,1992-04-02
522,Andrew,Taylor,mason45@gmail.com,Female,Georgia,1986-10-10
523,Michele,Lester,phernandez@taylor.org,Other,Benin,1980-08-24
524,Marcus,Bailey,ybright@vega.com,Female,Egypt,1977-10-22
525,Brittney,Taylor,fblackburn@clay.org,Male,Namibia,1945-09-07
526,Cody,Evans,omeyer@olson.com,Other,Czech Republic,1979-12-26
527,Gavin,Taylor,maymegan@cruz.com,Female,Sudan,2005-05-28
528,Erin,Calderon,hollybowman@reyes-palmer.com,Male,Reunion,1978-07-27
529,Daisy,Gibson,ehoward@maxwell.org,Other,Pitcairn Islands,1970-03-20
530,Tina,Herrera,lisa10@hotmail.com,Female,Wallis and Futuna,2006-06-10
531,Michael,Wilson,nealdarius@yahoo.com,Male,Bosnia and Herzegovina,1992-04-05
532,Danielle,Orr,skeller@gmail.com,Other,Korea,1964-06-20
533,Ashley,Simmons,tcummings@nelson-vega.com,Other,Italy,1942-05-10
534,Kristen,Thompson,brookeli@johnson.com,Male,Solomon Islands,1957-09-30
535,Gregory,Rhodes,paul44@gray-perez.com,Female,Guam,1962-10-15
536,Christina,Carroll,deborah22@hotmail.com,Male,Sierra Leone,1945-12-03
537,Kurt,Price,jcastaneda@knox.org,Other,Nigeria,1991-10-16
538,Alexandra,Thompson,joshua80@collins.com,Other,Egypt,1984-07-07
539,Robert,Hernandez,angela18@gmail.com,Male,Macao,1980-05-02
540,Lindsey,Cox,jacob80@yahoo.com,Other,Zimbabwe,1951-07-17
541,Randall,Brown,amitchell@lin.info,Other,Australia,1945-04-05
542,Ryan,Sims,lindsay32@yahoo.com,Male,Turkmenistan,1981-08-03
543,Sherry,Blackburn,pricemallory@hotmail.com,Female,Hong Kong,1948-08-01
544,Elizabeth,Ortiz,ricky02@glass.com,Male,Saint Lucia,1958-04-08
545,Kylie,Rodriguez,campbelldiana@hotmail.com,Other,Switzerland,1945-02-06
546,Jonathan,Dougherty,michael42@shields-harris.com,Female,Singapore,1999-12-20
547,Stephanie,Chang,williamsvictoria@thomas.info,Male,Falkland Islands (Malvinas),1979-02-06
548,Michael,Cook,andrewsantos@trujillo-sutton.com,Female,San Marino,1992-05-02
549,Kimberly,Ortiz,jessicawilson@yahoo.com,Other,Cocos (Keeling) Islands,1995-05-11
550,Ruben,Potter,jarnold@hotmail.com,Male,Northern Mariana Islands,1999-10-26
551,Kim,Sanders,mandrade@gmail.com,Male,Albania,1972-08-28
552,Jason,Jones,laurabaird@larson.com,Female,Ireland,1977-11-13
553,Dalton,Williams,arthurbradley@yahoo.com,Female,India,1982-09-11
554,Tyler,Byrd,frankwalsh@robinson.com,Other,Indonesia,1990-08-27
555,Randall,Wade,alisoncallahan@schmidt-nunez.net,Male,Singapore,1950-03-15
556,Elaine,Collins,jacksonalison@lawrence-baker.com,Other,Saint Barthelemy,1978-10-30
557,Aimee,Marks,julia69@yahoo.com,Male,Central African Republic,1964-07-09
558,Susan,Ho,mmoses@hayes.com,Male,Togo,1997-12-22
559,Kyle,Johnson,dustin76@hotmail.com,Male,Saint Helena,1942-10-25
560,Misty,Smith,cameronmurphy@hotmail.com,Female,Martinique,1961-02-10
561,Steven,Smith,robinsonlacey@alvarado-hernandez.info,Female,El Salvador,1972-02-13
562,William,Montgomery,martinmassey@jones.com,Male,Armenia,1975-08-11
563,Roberto,Clayton,chase17@gmail.com,Male,Jordan,1966-04-28
564,Juan,Soto,edelgado@williams.biz,Other,Western Sahara,1963-08-22
565,Denise,Martinez,qlewis@gmail.com,Male,Armenia,1972-05-16
566,Cody,Meyer,edavis@yahoo.com,Female,Ukraine,1955-02-13
567,Bridget,Lozano,millerdouglas@yahoo.com,Female,South Africa,1992-03-21
568,Gina,Schneider,hmclaughlin@gmail.com,Female,Indonesia,1979-05-11
569,Brenda,Colon,mallorysmith@acevedo.com,Female,Cote d'Ivoire,1943-06-13
570,Bradley,Horton,kmartin@gmail.com,Female,Christmas Island,1973-08-02
571,Laura,Griffin,zmurphy@myers.com,Female,Liberia,1963-12-05
572,Todd,Velasquez,mary22@rhodes.net,Other,United Kingdom,1945-10-10
573,Amy,Frazier,pwilliams@gmail.com,Other,Saint Vincent and the Grenadines,1965-06-19
574,Ronald,Lee,richanthony@hotmail.com,Male,Turkey,1971-10-09
575,Joseph,Conley,alexisrose@gmail.com,Male,Bhutan,1958-05-04
576,Pamela,Mcgee,silvasandra@sandoval-perez.biz,Male,Turks and Caicos Islands,2002-02-23
577,Molly,Brown,gregory84@yahoo.com,Female,Russian Federation,1936-03-01
578,Linda,Reyes,micheal70@moore.com,Female,United Kingdom,1951-06-29
579,Todd,Cook,mollymcdowell@carr.com,Male,Uruguay,1940-06-08
580,Bruce,Smith,hugheschristopher@yahoo.com,Male,Panama,1946-07-07
581,Michelle,Ferguson,buckleyelizabeth@jones.com,Male,Saint Kitts and Nevis,2005-02-03
582,Anna,Lopez,diazeric@gmail.com,Other,Panama,1940-08-30
583,Donna,Winters,kray@walsh.com,Female,Tonga,1938-12-14
584,Jamie,Avery,stanley48@crosby.info,Other,Romania,1942-08-13
585,Katherine,Harris,harteric@hotmail.com,Female,Dominica,2005-09-01
586,Brian,Parker,parkerronald@yahoo.com,Other,Colombia,1948-03-27
587,Jesus,Miller,arthurdominguez@yahoo.com,Other,El Salvador,1949-02-11
588,Cathy,Tucker,cjohnson@wang.org,Other,Korea,1993-07-12
589,Dana,Castillo,angelarivera@lopez-spears.org,Female,Cameroon,1945-06-30
590,Francisco,Mack,jeremiah79@graham.com,Other,Slovakia (Slovak Republic),1971-02-07
591,Sydney,Arellano,mary83@yahoo.com,Female,United States of America,1961-12-08
592,Stephanie,Moyer,kurt28@robinson.biz,Male,Gabon,1983-07-13
593,Amy,Hudson,steeletravis@james.com,Female,Nepal,1941-09-11
594,Marcia,Conway,moralesjoseph@hotmail.com,Male,Moldova,2006-12-11
595,Michelle,Holmes,richardwilson@reed.biz,Other,Botswana,1987-10-19
596,Rebecca,Mahoney,dduke@gmail.com,Male,Argentina,1956-11-24
597,Brenda,Thomas,maureen74@gmail.com,Other,Slovakia (Slovak Republic),1978-01-21
598,Betty,Mueller,john84@gmail.com,Other,Singapore,2002-08-21
599,Emily,Williams,charles11@nelson.net,Male,Mexico,1984-05-29
600,Brittany,Johnson,lowejoanne@spencer.com,Other,Spain,1959-09-06
601,Brianna,Walters,kwashington@roman.biz,Other,Mongolia,2006-09-03
602,Andrew,Johnson,pooleelizabeth@gmail.com,Male,Andorra,1952-11-11
603,John,Andersen,patrick91@davis-tucker.com,Other,Panama,1948-09-17
604,Lisa,Robertson,david76@burnett-willis.biz,Other,Comoros,1954-09-09
605,Katie,House,sandranichols@jensen.info,Female,Belgium,2005-08-24
606,Andrew,Baker,kaufmanaimee@gmail.com,Other,Japan,1962-09-29
607,Ashley,Carpenter,maria70@terry.com,Other,Egypt,1961-04-22
608,Laura,Nelson,julietaylor@long.org,Male,Holy See (Vatican City State),1991-11-26
609,Julie,Keller,david19@howell.com,Female,Eritrea,1980-03-20
610,Keith,Cooper,ewilliams@gmail.com,Male,Luxembourg,1951-02-15
611,Sarah,Watson,dominguezgerald@gmail.com,Female,Azerbaijan,1957-07-26
612,Jody,Parsons,james30@hotmail.com,Male,Korea,1973-03-09
613,James,Ramos,velliott@gmail.com,Other,Kyrgyz Republic,1940-09-05
614,Melanie,Levy,eric73@smith.com,Other,Lebanon,1987-05-30
615,Chelsea,Davila,michealruiz@humphrey.org,Male,Wallis and Futuna,1993-04-20
616,Keith,Banks,randybarr@yahoo.com,Female,Kuwait,1966-01-19
617,Shawna,Williams,deanerika@peck.com,Other,Egypt,2001-03-12
618,Christopher,White,patricialynch@gmail.com,Male,Bahamas,1972-01-01
619,Tony,Bennett,markanderson@holmes.com,Female,Korea,1942-12-19
620,Stephanie,Fisher,jason98@yahoo.com,Male,Saint Lucia,1998-03-07
621,Amanda,Fletcher,cindy82@nguyen.org,Other,Saint Martin,1955-07-05
622,Pamela,Pacheco,twilliams@yahoo.com,Other,Egypt,2006-07-22
623,Susan,Bryan,jramos@yahoo.com,Male,Cameroon,1992-03-09
624,Anna,Wright,deanscott@yahoo.com,Female,Sudan,1997-12-24
625,Raven,Gray,austinhopkins@gmail.com,Other,China,1976-03-02
626,David,Miller,williamswilliam@gray.com,Male,Suriname,2005-02-01
627,Emily,Mills,jamespena@gmail.com,Male,Antarctica (the territory South of 60 deg S),1991-11-09
628,Regina,Keith,dcisneros@smith-lopez.com,Female,Saint Martin,1965-09-03
629,Michael,Cooper,marshdiane@hickman-lopez.com,Other,China,1966-02-05
630,Edward,Higgins,uphillips@arellano.com,Other,Morocco,1949-12-06
631,Rachel,Esparza,williamsanford@arroyo.com,Other,Antarctica (the territory South of 60 deg S),1962-03-29
632,Joshua,Andrews,psmith@hotmail.com,Female,Lebanon,1951-12-10
633,Joseph,Benson,qgreen@fowler.org,Other,Wallis and Futuna,1985-11-12
634,Marissa,Braun,davidhill@walker.com,Male,Russian Federation,1947-03-02
635,Gregory,Pugh,victoriabrown@scott-thornton.info,Female,Jamaica,1981-06-30
636,Brittany,Patterson,vwood@robinson.com,Female,Ghana,1989-05-17
637,Melissa,King,prodriguez@herrera.com,Male,Samoa,1955-01-12
638,Pamela,Hughes,mark87@gmail.com,Male,Italy,1985-01-25
639,Keith,Villarreal,kelly41@martin.org,Other,Israel,1998-04-29
640,Taylor,Baker,janet90@gmail.com,Female,Somalia,1949-02-02
641,Kimberly,Washington,maria24@sims.com,Male,Belarus,1993-05-21
642,Russell,Wolfe,fernandezjohn@hotmail.com,Male,Mexico,1994-06-28
643,Robert,Burns,brianblack@simmons.com,Male,Faroe Islands,1969-06-20
644,Cory,Abbott,william80@yahoo.com,Male,Slovenia,1935-03-19
645,Susan,Gutierrez,stephaniereyes@hotmail.com,Male,Bermuda,2006-09-20
646,Beth,Hill,johnsongabriella@yahoo.com,Female,Antigua and Barbuda,2006-02-28
647,James,Smith,lori86@king-valdez.com,Female,Yemen,1950-12-25
648,Brooke,Decker,whitneyarias@moreno.com,Other,Turks and Caicos Islands,1946-12-19
649,Richard,Anderson,mariagraham@yahoo.com,Male,Argentina,1949-11-02
650,Darlene,Vang,ryanmoore@yahoo.com,Other,Angola,1939-05-07
651,Gary,Kelly,elizabethcardenas@gordon-dickerson.com,Other,Andorra,2000-03-21
652,Mary,Williams,uprice@ortega-long.com,Other,Reunion,1934-02-08
653,Philip,Young,nicholslinda@gmail.com,Female,Germany,1997-04-27
654,Kathy,York,donnagomez@gmail.com,Female,Falkland Islands (Malvinas),1992-02-08
655,Belinda,Johnson,dharvey@hotmail.com,Other,Kiribati,1966-12-30
656,Robert,Walter,xhill@jenkins.com,Female,United States Minor Outlying Islands,1944-08-25
657,Madison,Townsend,wdawson@bass.com,Other,Guinea,1964-07-02
658,Martha,Singleton,lawrencefuentes@mitchell.org,Other,Benin,1974-05-06
659,Brian,Richardson,lewisricky@hart-watson.com,Female,Puerto Rico,1945-01-06
660,Todd,Watson,johncohen@gmail.com,Male,Nigeria,1952-03-19
661,Kristi,Schaefer,geraldmarquez@humphrey.com,Female,Christmas Island,1987-09-11
662,Ellen,King,fhall@hines.biz,Female,Liberia,1998-08-04
663,Brian,Ortiz,wiserichard@johnson.biz,Female,Guam,1934-01-17
664,Larry,Bell,joshuaphillips@hotmail.com,Male,South Georgia and the South Sandwich Islands,1991-02-24
665,Jacob,Dean,richardsterri@diaz-bradford.org,Male,Chad,1988-03-10
666,Richard,Bell,dustinrogers@yahoo.com,Female,Luxembourg,1980-01-07
667,Michael,Garcia,candice29@barton.com,Other,Gambia,1972-07-25
668,Maria,Black,jamesperkins@yahoo.com,Other,Antarctica (the territory South of 60 deg S),1964-04-01
669,Amy,Johnson,steven81@howell.info,Female,Senegal,1939-10-12
670,Tiffany,Jackson,melissa33@knapp-carr.biz,Female,Sri Lanka,1983-04-27
671,Jenny,Cortez,davidburton@bernard-white.com,Other,Saint Kitts and Nevis,2003-10-10
672,Hannah,Fisher,mariadelgado@gmail.com,Other,Antigua and Barbuda,1965-12-10
673,Cathy,Perez,allenhamilton@donovan-weber.com,Other,Slovakia (Slovak Republic),1967-05-21
674,Pamela,Sharp,ucoleman@solomon-jones.biz,Other,Trinidad and Tobago,1953-09-10
675,Ashley,Ford,ashleyramos@browning.com,Other,Pakistan,1944-05-18
676,Jeffrey,Pugh,allison72@maldonado-stevens.com,Female,Palestinian Territory,1941-09-22
677,Joanna,Cooley,oconnorjennifer@yahoo.com,Male,Ireland,1942-05-09
678,Rebecca,Murphy,gbarry@yahoo.com,Male,Botswana,1972-03-26
679,Robert,Good,william09@swanson.biz,Male,Netherlands,1951-11-28
680,Donna,Brown,keithingram@brown-smith.com,Other,Guyana,1947-06-30
681,Phillip,Taylor,jennifer54@oliver.biz,Female,Libyan Arab Jamahiriya,1964-12-03
682,Ashley,Cruz,iblevins@gill-lawson.org,Female,New Caledonia,1978-04-25
683,Linda,Mcdowell,anthony79@gmail.com,Female,Saint Lucia,1981-11-06
684,Whitney,Moore,beardtodd@gmail.com,Male,Guinea,1966-05-19
685,Kelly,Morris,victorrogers@hotmail.com,Female,Dominica,1943-09-23
686,Michelle,Hudson,milesamanda@yahoo.com,Male,Lebanon,1965-09-24
687,Jeremy,Manning,whall@yahoo.com,Male,United Arab Emirates,1963-12-08
688,Michael,Wong,twhite@stevenson.biz,Female,Marshall Islands,2006-05-19
689,Richard,Adams,robertsandoval@henson-jackson.com,Female,Peru,1973-04-11
690,Stephanie,Klein,bwilson@turner.com,Female,Sierra Leone,1972-05-29
691,Laura,Watson,michaelferguson@hotmail.com,Female,Congo,2004-07-29
692,Candace,Calhoun,kylie52@erickson.biz,Other,Mongolia,1966-03-25
693,Lisa,Perez,jamesbrown@yahoo.com,Other,United States of America,1951-11-06
694,Kerri,Pham,edwinsmith@yahoo.com,Female,Madagascar,2006-03-05
695,John,Baker,anne88@yahoo.com,Other,Chile,1984-03-23
696,Christina,Wagner,matthewbradley@yahoo.com,Other,Russian Federation,1941-07-27
697,Joseph,Heath,lucasjessica@austin.com,Female,Monaco,1958-12-15
698,Todd,White,hannah15@walls.com,Female,Georgia,1996-09-23
699,Stacey,Sanders,tkennedy@gmail.com,Female,Liechtenstein,1947-09-10
700,Jennifer,Cuevas,savannahperez@boyle.org,Female,Afghanistan,1994-04-12
701,Thomas,Wheeler,ocox@merritt-smith.com,Other,Slovakia (Slovak Republic),1971-12-16
702,Holly,Edwards,erica20@robinson.org,Other,Cuba,1998-10-10
703,Daniel,Peterson,twhite@gmail.com,Male,Uzbekistan,1953-03-12
704,Michelle,Shaw,lisamalone@alvarez-richardson.net,Male,Iran,1958-03-28
705,Joseph,Richardson,syoung@lee.com,Male,British Indian Ocean Territory (Chagos Archipelago),1960-05-30
706,Amy,Wright,nfitzgerald@gmail.com,Male,Andorra,1972-09-08
707,Brian,Sharp,vdominguez@johnson.com,Male,Samoa,1975-08-19
708,Shannon,Fuller,sriddle@hotmail.com,Female,Canada,1937-11-29
709,Samantha,Miller,qtucker@yahoo.com,Female,Guyana,1992-04-04
710,Travis,Woodward,mark10@white.com,Female,Macao,1968-10-14
711,Joseph,Meyer,wbaldwin@blake.com,Male,Myanmar,1992-03-08
712,Claire,Wilson,jenniferhaynes@gmail.com,Male,United States of America,1996-04-01
713,Jonathan,Velez,sarabauer@werner.net,Female,Dominican Republic,1960-10-30
714,Nancy,Gilbert,xcisneros@hotmail.com,Male,Cambodia,1943-10-26
715,Sara,Moore,michellenguyen@hotmail.com,Female,Kiribati,1965-06-23
716,Rebecca,Stephens,joepierce@hunt.com,Female,Armenia,1980-11-02
717,Kimberly,Smith,oknight@yahoo.com,Male,Philippines,1982-08-05
718,Amy,Vazquez,uharper@barrett-fernandez.com,Female,Saint Vincent and the Grenadines,1977-01-12
719,Shelly,Ward,juarezdawn@wood-miller.com,Male,Saudi Arabia,1943-04-14
720,Jillian,Marshall,hannahkelly@yahoo.com,Male,Dominican Republic,2005-09-24
721,Lauren,Snyder,hcampbell@moss.com,Male,Tuvalu,1936-08-20
722,Thomas,Wallace,mario59@hotmail.com,Male,American Samoa,1985-04-22
723,William,Peterson,justin95@gmail.com,Other,Holy See (Vatican City State),1975-01-07
724,Jason,Little,denise54@anderson.biz,Female,Guernsey,1991-01-22
725,Erin,Chase,mitchellkemp@hotmail.com,Other,Saint Martin,1966-06-01
726,Madeline,Carter,kedwards@yahoo.com,Male,French Polynesia,1988-04-27
727,James,Smith,wrightmichael@day.biz,Male,Swaziland,1997-10-13
728,William,Rice,greenbrett@hotmail.com,Female,Burundi,1946-11-05
729,Matthew,Lawrence,pennysmith@paul.org,Female,Korea,2001-01-28
730,Keith,Hill,jjohnson@gmail.com,Female,Cayman Islands,1963-06-27
731,Sandy,Marks,louisgarrett@gmail.com,Female,Lithuania,1998-10-27
732,Matthew,Baxter,natashamunoz@malone.net,Other,Mozambique,1944-05-26
733,Veronica,James,markvelazquez@hotmail.com,Other,Uzbekistan,1992-04-06
734,Preston,Williams,amber78@gmail.com,Other,Brazil,1984-04-06
735,Christina,Payne,rachel89@hotmail.com,Female,Hungary,1955-08-05
736,Ashley,Wilson,jkeith@gmail.com,Other,Libyan Arab Jamahiriya,1948-01-03
737,Mackenzie,Mcgee,thomas48@smith-turner.com,Female,Kazakhstan,1957-12-29
738,Randall,Willis,annette96@kramer.com,Male,Belgium,1979-01-10
739,Jimmy,Little,qphillips@warren.com,Male,Congo,1939-02-27
740,Amy,Martin,gabriellacarpenter@yahoo.com,Female,Cook Islands,1963-05-21
741,Kevin,Turner,brent07@garcia.com,Female,Chad,1990-09-21
742,Janice,Williams,michelle23@gmail.com,Female,Japan,1941-08-05
743,Jaime,Dean,brittanycisneros@weiss.com,Female,Romania,1944-11-21
744,Jennifer,Lucas,dawn59@yahoo.com,Other,Hungary,1987-09-15
745,Scott,Fields,ahensley@yahoo.com,Female,Bahamas,1944-11-07
746,Kristy,Day,kara42@watson-curtis.biz,Female,Romania,1939-01-26
747,Jodi,Glenn,joseph29@frank.org,Female,Jamaica,1985-10-30
748,John,Martinez,amandawhite@perez.info,Other,Congo,1956-09-17
749,Christina,Fischer,solomonbrianna@yahoo.com,Male,Aruba,2002-06-14
750,Brent,Ibarra,darlene36@chavez.com,Male,Guinea-Bissau,1958-10-23
751,Melissa,Rojas,renee31@lewis-herman.com,Other,Saint Martin,1986-06-12
752,Anna,Harper,brooksscott@gmail.com,Male,Rwanda,1965-02-19
753,Andrew,Foster,firwin@gmail.com,Female,Belize,1978-06-25
754,David,Larsen,clementscraig@gmail.com,Male,Liechtenstein,1973-09-14
755,Samuel,Lane,zross@buckley.com,Female,Slovakia (Slovak Republic),1998-02-19
756,Ralph,Pierce,phillipsmelissa@kemp.com,Other,Saint Pierre and Miquelon,1942-12-29
757,Jacqueline,Gardner,eburke@gmail.com,Female,Puerto Rico,1948-01-15
758,Derek,Jimenez,austinwilliam@gmail.com,Female,French Polynesia,1981-03-27
759,Stephanie,Davis,jacksonchristine@powell.com,Other,Finland,1941-04-17
760,Michael,Romero,paulmiller@moore-perez.net,Female,United Kingdom,2000-12-09
761,Lisa,Mckinney,garciabriana@vargas.net,Male,Czech Republic,1995-08-11
762,Steven,Brown,kandrews@haynes-myers.net,Female,American Samoa,1988-12-02
763,Jacob,Jones,samuel82@archer.com,Female,Slovenia,1945-11-01
764,Mary,Cox,wsharp@yahoo.com,Other,Ukraine,1939-10-28
765,Michael,Delacruz,hernandezamanda@gmail.com,Male,China,1986-02-03
766,Nicholas,Sullivan,brian45@gmail.com,Male,Yemen,1969-06-01
767,Samantha,Clark,jadams@mayer.com,Other,Egypt,1995-02-17
768,Kimberly,Wright,schaeferlucas@gmail.com,Male,Thailand,1944-07-01
769,Amy,Stanley,liuphilip@johnson-george.com,Female,United States of America,2005-12-15
770,Erica,Wagner,pburnett@gmail.com,Male,New Caledonia,1957-09-24
771,Tonya,Walker,roberta82@hotmail.com,Male,Mayotte,1982-05-07
772,Bruce,Ewing,lhayes@yahoo.com,Male,Estonia,1939-04-14
773,Joseph,Gillespie,maria40@burnett.com,Female,Myanmar,1971-01-21
774,Michael,Whitney,johnwilliams@hotmail.com,Male,Liberia,1990-09-06
775,Victoria,Osborn,rebecca20@gmail.com,Female,France,1945-06-10
776,Timothy,Perkins,brianvalencia@reynolds-scott.com,Male,United States Minor Outlying Islands,1979-03-10
777,Michelle,Braun,andrew73@yahoo.com,Other,Panama,1937-03-24
778,Erica,Sweeney,katie42@gmail.com,Other,Serbia,1962-06-25
779,Bradley,Bell,oallen@hotmail.com,Female,Cayman Islands,1955-12-25
780,Joseph,Johnson,amy81@yahoo.com,Male,Latvia,1987-08-04
781,Christopher,Pugh,imiller@hotmail.com,Male,Aruba,1958-11-23
782,Jessica,Copeland,daniel47@williams.com,Female,American Samoa,1939-01-21
783,Abigail,Day,heatherhammond@hotmail.com,Female,Colombia,1957-11-08
784,Dwayne,Guerrero,atkinsjonathan@gmail.com,Female,United States Minor Outlying Islands,1943-03-12
785,Miguel,Kramer,jesse39@gmail.com,Other,Finland,1995-04-26
786,William,Hernandez,dscott@yahoo.com,Other,Greenland,2005-08-22
787,Paul,Perkins,jesus98@yahoo.com,Male,Solomon Islands,1941-12-26
788,Alexandra,Evans,cassandra99@mcgrath.info,Other,Pitcairn Islands,1949-07-15
789,Susan,Jimenez,xstewart@gmail.com,Male,Hong Kong,1956-01-17
790,William,Baker,longsuzanne@hotmail.com,Female,Bolivia,1969-08-05
791,Anna,Alexander,kathleenmayer@yahoo.com,Male,Morocco,1999-08-14
792,Brandon,Jarvis,michellehuff@yahoo.com,Male,United Kingdom,1972-05-22
793,Kiara,Smith,david60@morales-becker.net,Female,Lesotho,1956-12-24
794,Sarah,Rodriguez,briansummers@gmail.com,Male,Azerbaijan,1990-04-05
795,Dorothy,Mitchell,wallsbrittany@hotmail.com,Female,Cyprus,1976-12-21
796,Rhonda,Christensen,mitchellcharles@kelley.net,Male,Zambia,1989-12-16
797,Carly,Conway,fieldskelly@hotmail.com,Female,Ecuador,2001-03-26
798,Donald,Johnson,tonya95@hotmail.com,Female,Luxembourg,1983-10-08
799,Debra,Flores,norrisjeffrey@higgins.biz,Female,Mauritius,1977-06-03
800,Brian,Murray,misty70@waller.com,Female,France,1950-12-14
801,Lance,Rojas,barbara18@graham-ramirez.net,Male,Haiti,2002-10-09
802,Christopher,Martinez,kelsey44@alexander-lopez.com,Female,Kazakhstan,1976-03-08
803,Frank,Becker,cgreer@ramirez.com,Male,Sao Tome and Principe,1942-11-19
804,Paul,Alvarado,melissa35@gmail.com,Male,New Zealand,1946-10-10
805,Brandon,Cook,ykeith@yahoo.com,Other,Mongolia,1961-09-01
806,Kurt,Archer,brianmiller@yahoo.com,Female,Congo,1960-06-01
807,Manuel,Walters,leonardjohnson@sims.com,Male,Saint Pierre and Miquelon,1937-09-18
808,Justin,Patrick,ericrodriguez@wood-carpenter.com,Male,Micronesia,1960-12-22
809,Aaron,Aguilar,deanhannah@yahoo.com,Other,Israel,1943-07-22
810,Carolyn,Flores,stevenhays@hotmail.com,Other,Ireland,1986-05-14
811,Gabriel,Buckley,noahrogers@hotmail.com,Male,Norfolk Island,1983-02-04
812,Claire,Hernandez,kim43@hotmail.com,Other,Nauru,1974-06-07
813,Lynn,Brennan,brian41@yahoo.com,Male,Philippines,1938-10-13
814,Sarah,Hernandez,fowleranthony@yahoo.com,Male,Belize,1982-07-07
815,Beth,Williams,lindawells@anderson.biz,Other,Norway,1973-09-15
816,Ryan,Turner,xpowers@cunningham.com,Female,Heard Island and McDonald Islands,1935-09-07
817,Chris,Hodges,transeth@nelson.info,Male,South Africa,1953-11-03
818,Christopher,Tanner,pcasey@torres-snow.com,Other,Liberia,1971-10-26
819,Michelle,Gardner,wjohnston@montoya-cox.com,Other,Georgia,1994-04-21
820,Ashley,Miller,wmartin@terry.biz,Female,Rwanda,1969-07-19
821,Mitchell,Cortez,kelly54@brown.com,Female,Ukraine,1935-11-10
822,Kevin,Montgomery,ggray@hotmail.com,Female,Portugal,1935-08-06
823,Jennifer,Williams,gnelson@stone.com,Male,Kyrgyz Republic,1942-01-15
824,Brian,Hamilton,ehardy@osborne-doyle.com,Other,Eritrea,1937-04-02
825,Stephanie,Johnson,ogriffin@hotmail.com,Male,Kiribati,1970-09-15
826,Andrew,Foster,hgordon@lopez.com,Other,Libyan Arab Jamahiriya,1982-12-01
827,Nathaniel,Evans,diazsamantha@garrison-howell.net,Male,Greenland,1986-12-25
828,Tara,Snyder,robert59@gmail.com,Other,Norway,1952-07-01
829,Joseph,Williams,jon09@hotmail.com,Male,Madagascar,1946-01-25
830,Phillip,Brewer,khangary@webb-bennett.com,Female,Pakistan,1963-05-02
831,Tyler,Anderson,parsonskaren@yahoo.com,Other,Malta,1949-08-15
832,James,Barrett,rortiz@gmail.com,Other,Serbia,1992-08-24
833,Andrew,Delgado,matthew10@yahoo.com,Female,Sierra Leone,1987-08-08
834,Rachael,Miller,roger91@wolf.com,Female,Venezuela,1959-09-29
835,James,Clark,dwaynecarter@mckenzie.biz,Female,Ireland,1967-03-31
836,Janet,Gray,scottvelez@hotmail.com,Other,Madagascar,1994-05-08
837,Todd,Brown,wbailey@gmail.com,Female,San Marino,1999-03-28
838,Samantha,Alvarado,ann96@kane.com,Female,Egypt,1993-08-25
839,Olivia,Campbell,kjames@lawrence.com,Other,Congo,1951-12-21
840,Heather,Avila,deborah57@yahoo.com,Other,Russian Federation,1968-10-12
841,Don,Hall,ojackson@hotmail.com,Female,British Indian Ocean Territory (Chagos Archipelago),1937-10-11
842,Joanna,Perkins,vsheppard@moss.info,Other,Niue,1973-11-26
843,Robert,Nelson,nortonstacy@clark.com,Other,American Samoa,1985-02-23
844,Alisha,Valencia,tanya94@watson.info,Other,Korea,2005-02-11
845,Robin,Williams,rwilson@hotmail.com,Other,Mauritius,1945-06-11
846,Darrell,Watson,toddgardner@hotmail.com,Female,Macedonia,1988-11-22
847,Michael,Gross,paul41@vasquez.com,Other,Samoa,1945-12-02
848,Stephen,Murphy,carlariddle@hotmail.com,Female,Northern Mariana Islands,1946-08-17
849,Jose,Larson,smithgrant@logan-bowers.com,Other,Azerbaijan,1962-08-10
850,Timothy,Hill,lisaellison@gmail.com,Female,Cayman Islands,1934-06-13
851,Julia,Hurst,efigueroa@thomas.com,Other,Egypt,1974-03-25
852,William,Crosby,ecalderon@hotmail.com,Other,Serbia,1986-01-17
853,Courtney,Jacobs,tina40@yahoo.com,Other,Korea,1943-11-30
854,Robert,Jackson,uhenderson@mitchell.com,Male,Chile,1984-09-28
855,Melissa,Bailey,moorebrian@hotmail.com,Female,Lithuania,1975-05-27
856,Trevor,Baxter,reillyjordan@yahoo.com,Female,Jamaica,1961-01-27
857,Zachary,Williams,valerie73@hotmail.com,Male,Denmark,1990-03-03
858,Rachel,Lee,victorwilliams@yahoo.com,Other,Portugal,1944-09-22
859,Erika,Reid,kyle40@gmail.com,Other,Angola,1967-09-07
860,Jennifer,Carson,williamwilson@ward.net,Other,Luxembourg,1954-12-24
861,Louis,Simmons,kimberlypowell@yahoo.com,Female,Bangladesh,1937-01-12
862,Alice,Hunt,nicole13@johnson-owens.net,Other,Bouvet Island (Bouvetoya),1981-02-26
863,Amanda,Davis,jorr@harris-garner.com,Female,Romania,2004-04-28
864,Tiffany,Patel,fordjennifer@carlson.com,Female,Rwanda,1976-02-10
865,Michael,Cooke,maureenscott@yahoo.com,Female,Iraq,1991-06-13
866,Nancy,Ortiz,jonesjames@black.org,Other,Antarctica (the territory South of 60 deg S),1979-05-17
867,Nicole,Ross,cynthiafarrell@hotmail.com,Other,Egypt,1956-04-21
868,William,Cole,ltorres@brown.com,Other,Argentina,2000-06-06
869,Brett,Hodge,jmoore@brown-hale.com,Female,Greenland,1972-10-13
870,Carlos,Lopez,cookpeter@gmail.com,Male,Belgium,2001-11-22
871,Garrett,Williams,pmoore@gutierrez-holden.com,Male,Cook Islands,1967-12-28
872,Todd,Baker,mbarker@dominguez-church.net,Other,Colombia,1967-01-15
873,Rita,Henderson,kathleenadams@gmail.com,Female,Guadeloupe,1990-04-17
874,Samantha,Allen,mandy90@brown.com,Other,Uruguay,1944-03-22
875,Stephanie,Brooks,sallygood@goodman.biz,Other,Iceland,1999-03-21
876,Jennifer,Thomas,michael53@martin-reilly.com,Male,Cote d'Ivoire,1963-09-06
877,Angela,Evans,esmith@yahoo.com,Female,Canada,1936-10-21
878,Jeremy,Hess,jhiggins@gmail.com,Other,Iran,1999-03-31
879,Madeline,Wright,robert32@herring.com,Other,Iceland,1998-11-21
880,Andrea,Baxter,broberts@hotmail.com,Female,Oman,1968-02-21
881,Kenneth,Gibson,johnjensen@booker.org,Female,French Guiana,1941-08-05
882,Michael,Olson,uwilson@gmail.com,Other,Uganda,1981-04-14
883,Malik,Woods,grossadam@hotmail.com,Female,Korea,1940-05-04
884,Christopher,Cohen,williambennett@hotmail.com,Other,Jordan,1998-01-12
885,Steven,Buckley,seanhall@ferguson.com,Male,Northern Mariana Islands,1976-09-18
886,Daniel,Harmon,matthew83@gmail.com,Female,French Guiana,1998-08-18
887,Denise,Lane,nathanhall@campbell.biz,Other,United States of America,1967-06-05
888,Ashley,White,angela33@hotmail.com,Other,Albania,1989-07-29
889,Darren,Wright,gregorytorres@smith.com,Male,Western Sahara,1938-04-01
890,Tammy,Anderson,moorecurtis@torres-dickson.biz,Male,Uzbekistan,1988-03-10
891,Darren,Watts,catherine06@dixon-white.com,Female,Martinique,1998-06-24
892,Melanie,Norman,christopherwest@russo-barnes.com,Female,Guadeloupe,1963-09-12
893,Emily,Hall,pollardabigail@gmail.com,Female,Marshall Islands,1956-05-01
894,Yvonne,Mills,gfletcher@yahoo.com,Male,Uganda,2003-12-08
895,Kelly,Erickson,michael01@peters-lopez.com,Female,French Polynesia,1947-08-01
896,Miranda,Hawkins,rose61@madden.com,Male,Isle of Man,1939-07-10
897,Nathan,Taylor,lopezmary@hotmail.com,Male,Slovenia,1976-12-25
898,Cynthia,Mills,debbiesuarez@martinez.com,Other,Malta,1966-06-22
899,Charles,Curry,taylor41@yahoo.com,Male,Oman,1947-12-10
900,Sandra,Mcfarland,fvilla@young.com,Male,Bangladesh,1995-05-21
901,Melissa,Peterson,hammondbradley@lopez.info,Female,Bosnia and Herzegovina,1980-05-29
902,Natalie,Weaver,jessica69@gmail.com,Male,Slovakia (Slovak Republic),1954-10-02
903,Anthony,Fox,dawn23@yahoo.com,Male,Congo,1947-08-31
904,Caitlyn,Thompson,matthewross@carter-gonzales.com,Female,Guatemala,1944-12-14
905,Brian,Mckay,amanda95@thomas.net,Other,Zimbabwe,1946-04-03
906,Brittany,Wallace,coxcrystal@leon.info,Female,Serbia,1952-09-11
907,Brian,Flynn,asmith@gmail.com,Female,Cocos (Keeling) Islands,1980-03-08
908,Cynthia,Camacho,taylortina@gmail.com,Other,Kyrgyz Republic,1950-05-07
909,Ricardo,Wheeler,melissacollier@hotmail.com,Other,Libyan Arab Jamahiriya,2006-09-12
910,Nancy,Gilbert,amyharrington@gonzales.com,Other,Mexico,1956-02-27
911,Lee,Thompson,krista02@ryan.com,Other,Guyana,1956-02-25
912,Jessica,Pearson,kelleylindsey@hotmail.com,Female,Ethiopia,2000-10-31
913,Ronald,Lawrence,millerrobert@yahoo.com,Other,Fiji,1937-04-24
914,Brandon,Robinson,denisenewman@fernandez.com,Female,Reunion,1993-09-19
915,Emily,Williams,tammiemorris@yahoo.com,Female,New Caledonia,2004-06-29
916,Shelly,Herman,edwardskelly@medina.net,Female,Anguilla,1959-05-10
917,Andre,Frey,john93@nguyen-smith.com,Other,Estonia,2003-12-19
918,Daniel,Le,robertreed@patterson.org,Female,Indonesia,1990-05-08
919,Nicholas,Pierce,matthewsmith@yahoo.com,Other,Barbados,1957-04-26
920,Christina,Nelson,seth73@sanchez.com,Female,Saint Barthelemy,1978-09-25
921,Larry,Smith,jeffrey46@yahoo.com,Other,Papua New Guinea,1979-03-23
922,Julia,Pena,jenniferhayes@gmail.com,Male,Bulgaria,2006-08-24
923,Ryan,Evans,jennifer00@hotmail.com,Female,Ireland,1982-03-20
924,Caroline,Howard,ctaylor@robinson-morton.com,Other,Kyrgyz Republic,1991-08-21
925,Kevin,Morales,lisa37@hotmail.com,Male,Ethiopia,1950-08-26
926,Karen,Bush,qscott@gmail.com,Female,Cote d'Ivoire,1934-06-06
927,Timothy,Duncan,sandersjacob@gmail.com,Male,French Guiana,1987-07-17
928,David,Diaz,lclark@watts-walker.com,Male,Sri Lanka,1985-09-07
929,Kimberly,Rogers,melinda39@hotmail.com,Other,Niue,1954-03-18
930,Renee,Brown,hernandezstacy@hotmail.com,Other,Gabon,2001-11-23
931,Justin,Medina,cheryl86@woods-garcia.com,Other,Guinea,1989-08-19
932,Troy,Sanchez,lmartin@martinez.org,Female,Gabon,1965-06-02
933,Justin,Holland,vwebster@yahoo.com,Male,Seychelles,1934-05-17
934,Rebecca,Davidson,kelsey94@yahoo.com,Other,Malawi,1998-12-23
935,Jessica,Rivers,jeffreyanderson@gmail.com,Female,Mauritania,1979-11-19
936,Melanie,Silva,pamherrera@lee.com,Other,Armenia,1997-02-08
937,Amanda,Thompson,brittany51@morton-perez.com,Male,Congo,1980-09-30
938,Logan,Finley,sullivandale@gmail.com,Female,Cook Islands,1965-05-10
939,Alexandra,Bates,gravesdana@yahoo.com,Male,Oman,2000-12-09
940,Jerry,Stevens,josephmoss@gmail.com,Other,Venezuela,1972-07-06
941,Wendy,Steele,luceroamy@mosley.net,Other,Palestinian Territory,1983-03-07
942,Larry,Logan,zkhan@hotmail.com,Other,Benin,1959-05-04
943,Matthew,Brown,kelly06@yahoo.com,Female,Cuba,1941-06-12
944,Robert,Sampson,christina58@smith-lozano.com,Other,Cocos (Keeling) Islands,1985-05-31
945,Meghan,Matthews,cstewart@lucas.info,Female,Syrian Arab Republic,1993-08-04
946,James,Riddle,debbie91@shannon.com,Other,Iraq,1945-01-01
947,Kelsey,Ellis,danielterry@yahoo.com,Other,Martinique,1936-03-08
948,Joshua,Owens,haley63@gmail.com,Other,Palestinian Territory,1956-01-15
949,Tracy,Martin,ronald67@hotmail.com,Other,Tuvalu,1939-12-08
950,Sara,Wood,bpatel@haynes.com,Male,Benin,1959-08-14
951,Christina,Osborne,rothcharles@brown-cantu.com,Male,United Arab Emirates,1989-03-23
952,Adam,Reed,sporter@hotmail.com,Male,Seychelles,1993-04-22
953,Michael,Ramirez,grantjohn@yahoo.com,Other,Saudi Arabia,2000-03-20
954,Jennifer,Myers,oadams@young.com,Other,Faroe Islands,1985-11-09
955,Jason,Wilson,vshort@gmail.com,Male,Ghana,1997-09-15
956,Brandon,Aguilar,jenniferpitts@hotmail.com,Female,Antarctica (the territory South of 60 deg S),1986-01-16
957,Brian,Brooks,cody06@hotmail.com,Female,Namibia,1998-12-17
958,Charles,Saunders,luismurray@pollard-ibarra.com,Other,Syrian Arab Republic,1971-08-20
959,Timothy,Mcintyre,barrettlisa@yahoo.com,Male,Northern Mariana Islands,2000-10-07
960,Kathryn,Ward,hnelson@gmail.com,Male,Ireland,1947-05-28
961,Todd,Cook,wardrobert@hotmail.com,Male,Uruguay,1974-07-18
962,Ronald,Henderson,murrayjessica@yahoo.com,Other,Bosnia and Herzegovina,2005-04-18
963,Daniel,Newton,christina38@arnold.com,Male,Zambia,1995-05-21
964,Leslie,Glenn,miguelbarrera@duncan.com,Male,Puerto Rico,1974-07-16
965,Tony,Hall,xfisher@yahoo.com,Female,Taiwan,1943-10-15
966,Ann,Foley,luisgibbs@gonzalez.com,Male,Austria,1956-03-06
967,Christopher,Harris,gstephenson@david.net,Female,Singapore,1956-09-12
968,April,Daniels,james96@hotmail.com,Other,Greece,1955-04-20
969,Michael,Gross,gthompson@lewis.info,Other,Christmas Island,1960-11-26
970,Maria,Clark,kylemartin@forbes.com,Female,Greece,2005-08-18
971,Christopher,Savage,waltersteven@yahoo.com,Female,Slovenia,1991-10-27
972,Stephanie,Mitchell,juan23@hotmail.com,Male,Kyrgyz Republic,1971-11-22
973,David,Pierce,ksimon@hotmail.com,Other,Tunisia,1934-04-24
974,Frances,Wagner,justinjohnson@fowler.com,Female,Greece,1937-10-29
975,Hunter,Novak,dawn54@myers.net,Female,India,1935-02-04
976,Justin,Taylor,brianharris@yahoo.com,Other,Ukraine,1936-09-16
977,Richard,Wilson,ystewart@yahoo.com,Other,Panama,1944-08-18
978,Robert,Johnson,donaldpalmer@yahoo.com,Male,Sri Lanka,1977-08-07
979,Charles,Olson,kimnatasha@hotmail.com,Female,Vanuatu,1965-12-21
980,Renee,Armstrong,anthony43@hotmail.com,Male,Saint Vincent and the Grenadines,1996-02-10
981,Scott,Johnson,hwest@yahoo.com,Female,Cuba,2003-12-21
982,Jeffrey,Williams,suttonsharon@thompson.com,Other,Honduras,1975-09-18
983,Samantha,Raymond,maria72@hotmail.com,Male,Palestinian Territory,1949-02-24
984,Jennifer,Barker,brownapril@hotmail.com,Other,Mongolia,2006-01-15
985,Duane,Schwartz,david47@page-lewis.net,Male,Cameroon,1941-02-28
986,Nicholas,White,claytonsheena@kelly-wu.org,Male,Uganda,1991-01-09
987,Russell,Archer,mcook@yahoo.com,Other,Isle of Man,1952-05-11
988,Anthony,Snyder,xthomas@henderson.com,Other,Netherlands Antilles,1962-12-30
989,Lisa,Murphy,daniel43@thompson.com,Male,Cayman Islands,1960-06-01
990,Christopher,Fields,elizabethmiller@jennings-burns.biz,Male,Bosnia and Herzegovina,1989-01-11
991,Darrell,Thornton,wrightethan@yahoo.com,Male,Belarus,1968-10-13
992,Alicia,Elliott,cruzbrandy@gmail.com,Male,Iraq,1985-09-04
993,Scott,Jackson,jennifer25@yahoo.com,Female,Cook Islands,1979-04-21
994,Connie,Allen,amy63@hamilton.com,Other,Mozambique,1967-04-07
995,Nathan,Jones,ryanbarker@hotmail.com,Other,Kuwait,1981-12-08
996,Andrew,James,brucemartin@duffy.com,Male,El Salvador,1946-12-26
997,Morgan,Aguilar,sarahscott@hunter.net,Other,Georgia,1972-05-02
998,Robin,Little,mpatel@gmail.com,Male,Sweden,1942-09-20
999,Russell,Peterson,estevens@yahoo.com,Male,Ecuador,1946-02-23
1000,Austin,Griffin,adamsjennifer@brown-nguyen.info,Female,Turkey,1963-09-12
